订单号,产品类别,销售数量,单价,销售金额
6805677496,家居用品,10,199,1990
5857234132,食品,5,29,145
5888085059,电子产品,5,399,1995
6823473137,食品,3,29,87
6801664364,食品,2,19,38
5897064217,图书,4,29,116
6857752388,服装,7,29,203
6898807429,服装,6,199,1194
5875402232,电子产品,9,299,2691
5888085066,图书,2,99,198
5808071569,食品,9,29,261
6890234923,家居用品,10,199,1990
5891597362,电子产品,3,89,267
6880065056,图书,8,39,312
5804178086,电子产品,10,199,1990
5878551159,图书,5,39,195
5812573980,食品,2,79,158
5835623429,图书,6,49,294
5852698441,家居用品,6,49,294
5852807025,服装,10,399,3990
6893087111,食品,10,89,890
5871374068,图书,5,129,645
5894724625,电子产品,9,2999,26991
6867258691,服装,8,129,1032
5875023454,电子产品,8,2999,23992
6837065480,服装,3,399,1197
5854211330,食品,9,59,531
5840958148,服装,6,299,1794
6842052369,家居用品,1,39,39
5816896128,食品,4,129,516
6821256262,图书,6,49,294
5837205437,服装,2,149,298
6816687256,服装,7,249,1743
6867240278,服装,8,149,1192
6859288203,电子产品,2,39,78
5815847468,电子产品,5,1299,6495
6870668206,家居用品,6,89,534
6871778377,食品,2,19,38
6896363474,图书,7,39,273
6857955578,图书,5,59,295
5864587553,服装,8,29,232
6861733608,家居用品,2,39,78
5848602769,食品,1,49,49
6896687125,食品,2,39,78
5809051775,电子产品,9,89,801
5828073333,家居用品,2,49,98
5820473594,服装,7,249,1743
5823379341,电子产品,1,5999,5999
5835099410,图书,4,89,356
6842655345,食品,7,89,623
6872501498,家居用品,4,39,156
6803742747,电子产品,2,299,598
5835714436,服装,2,129,258
6807804795,电子产品,9,39,351
6872340030,家居用品,5,39,195
6840254213,食品,10,29,290
5870793859,食品,6,39,234
5876880041,服装,2,249,498
6885078432,家居用品,7,3999,27993
5805524413,食品,5,69,345
6802066319,服装,4,199,796
5876009437,食品,7,69,483
6857386517,食品,4,29,116
6893849823,电子产品,3,199,597
6818686763,家居用品,6,199,1194
6818771197,服装,4,899,3596
6803345146,电子产品,10,399,3990
6857671635,电子产品,1,49,49
6888558142,服装,5,59,295
5802859418,家居用品,2,49,98
5857892499,食品,6,59,354
6881307037,服装,6,599,3594
6882472708,食品,5,89,445
6896836654,家居用品,1,399,399
6807517971,电子产品,1,299,299
6868450800,图书,9,59,531
5835168341,服装,5,129,645
6862213600,电子产品,9,49,441
5817942253,家居用品,9,49,441
6838419156,服装,1,199,199
6832672046,服装,2,349,698
6882641183,食品,1,79,79
5882040279,图书,3,39,117
5856960206,食品,3,49,147
6835930946,服装,2,299,598
6884401422,图书,9,49,441
6817646898,家居用品,8,39,312
5824138220,图书,3,39,117
5810483850,家居用品,5,5999,29995
6874228092,电子产品,1,299,299
5825937662,电子产品,6,39,234
6899540878,家居用品,4,5999,23996
6815202927,家居用品,8,299,2392
5803850839,电子产品,6,199,1194
6850947020,家居用品,5,39,195
5840069589,图书,3,99,297
6882159173,食品,7,89,623
6847661479,食品,8,19,152
5848428039,食品,10,199,1990
6868231493,食品,5,19,95
5832758970,服装,8,699,5592
6899145716,图书,8,29,232
6893625569,服装,8,129,1032
5863393961,电子产品,2,249,498
6827358966,图书,6,99,594
5878543628,家居用品,10,29,290
5824298537,服装,8,349,2792
6868959743,图书,4,49,196
6826045080,服装,3,199,597
5855176585,图书,5,59,295
6856521224,服装,6,699,4194
5838735887,图书,7,99,693
5863809863,家居用品,2,59,118
5818261249,食品,6,199,1194
5845257567,图书,9,59,531
6876712100,家居用品,1,39,39
5854511595,食品,2,89,178
5894610701,家居用品,2,89,178
6865301539,食品,4,89,356
5862128107,家居用品,3,3999,11997
6885746519,电子产品,4,249,996
6892321515,食品,10,79,790
5883797573,食品,7,49,343
5818113431,家居用品,8,5999,47992
6883278187,家居用品,1,59,59
6818053882,食品,4,69,276
5891955361,电子产品,5,39,195
5883983174,家居用品,10,399,3990
5866054840,图书,10,99,990
5821394002,家居用品,1,79,79
5839652877,图书,5,39,195
5866179578,电子产品,2,5999,11998
6860644623,电子产品,1,129,129
5817207922,服装,7,499,3493
6826538206,电子产品,7,299,2093
6861726538,家居用品,10,299,2990
6873808416,家居用品,8,3999,31992
5813233987,食品,5,49,245
5853556066,家居用品,8,39,312
6879411860,家居用品,6,3999,23994
5831376701,食品,2,19,38
5879174422,图书,6,59,354
5823360689,电子产品,7,2999,20993
5883051305,电子产品,10,2999,29990
6832294234,食品,2,129,258
6871931711,家居用品,10,39,390
6856378469,服装,8,299,2392
5800194073,服装,6,399,2394
5800449605,家居用品,8,29,232
5846265329,家居用品,3,5999,17997
5867938109,电子产品,2,199,398
5893341133,食品,7,39,273
6875304597,食品,8,49,392
6835056691,服装,3,29,87
5854493676,服装,2,399,798
6862563518,服装,7,449,3143
6811607405,食品,6,39,234
6869448173,食品,3,59,177
5848997046,图书,8,59,472
5811798968,服装,5,89,445
6821795644,食品,8,129,1032
5864529489,图书,2,69,138
6855377041,图书,5,39,195
5830456448,家居用品,3,399,1197
6871381333,电子产品,4,299,1196
6888789224,服装,7,59,413
5801646266,食品,4,89,356
5874099485,家居用品,7,99,693
5843813257,家居用品,1,3999,3999
5843474151,服装,1,449,449
5819162283,家居用品,2,399,798
5879241383,图书,5,129,645
6890353450,食品,5,49,245
6865052496,服装,8,299,2392
6805321631,服装,1,599,599
5805146346,食品,5,129,645
6873127248,家居用品,8,299,2392
6844904388,家居用品,10,79,790
6836585103,电子产品,9,29,261
5821778573,服装,7,299,2093
6805779311,服装,8,249,1992
5801873309,电子产品,7,299,2093
6842433686,电子产品,1,59,59
5827508455,家居用品,5,49,245
6855956978,家居用品,2,49,98
6817708051,家居用品,5,49,245
5837602170,图书,8,29,232
6816376743,电子产品,2,29,58
5816285494,食品,1,69,69
6878949527,电子产品,3,299,897
5867072555,服装,2,449,898
5876638261,服装,5,29,145
5874746458,服装,1,449,449
6859826757,图书,2,99,198
6855967378,图书,6,29,174
6812374694,服装,9,399,3591
5847458425,家居用品,9,79,711
6826667587,服装,5,499,2495
5823039491,图书,2,39,78
6844981163,食品,2,199,398
6852976345,电子产品,5,49,245
5814938951,电子产品,10,2499,24990
5828470938,服装,2,149,298
6835026769,图书,2,49,98
6890609921,电子产品,10,5999,59990
6869333277,家居用品,9,5999,53991
6873254331,家居用品,1,399,399
5881589365,家居用品,1,199,199
5822667696,图书,8,129,1032
5852286595,电子产品,6,49,294
5868514156,食品,10,59,590
6850815278,家居用品,6,199,1194
6824315481,家居用品,8,39,312
6845880542,食品,10,29,290
6811136677,电子产品,5,1299,6495
5811267840,服装,8,149,1192
6874679301,服装,5,299,1495
6825956707,家居用品,5,49,245
6879211098,图书,10,39,390
6883194186,食品,10,69,690
5853054830,食品,1,69,69
5805170374,家居用品,8,49,392
5863073750,食品,6,29,174
6879242690,食品,3,89,267
5891062479,食品,10,39,390
6872729357,服装,4,149,596
5889283753,电子产品,5,399,1995
5814567651,家居用品,6,49,294
5885541001,家居用品,6,199,1194
6824310511,家居用品,6,199,1194
5878969657,家居用品,8,5999,47992
5853861556,电子产品,5,39,195
5827118463,食品,10,29,290
5884726526,家居用品,1,79,79
6841626372,家居用品,2,3999,7998
6824834965,食品,10,79,790
5864200262,家居用品,4,5999,23996
6823999604,图书,10,69,690
6813380522,电子产品,3,2999,8997
5854306954,家居用品,6,49,294
5876354209,图书,5,49,245
6804390223,食品,6,39,234
5825538313,电子产品,1,39,39
5887227925,电子产品,2,2499,4998
5893361218,图书,3,49,147
5818152363,电子产品,8,199,1592
6858035154,食品,10,49,490
6889194588,食品,5,59,295
6833067503,家居用品,5,39,195
6882063897,食品,4,59,236
5814816711,家居用品,8,49,392
6815487266,图书,5,89,445
5841352622,家居用品,1,89,89
5841427707,食品,7,89,623
5805792947,家居用品,4,39,156
6874166656,食品,2,49,98
6888548139,食品,7,49,343
6867654283,电子产品,2,299,598
6837893528,家居用品,4,39,156
6890392173,食品,5,199,995
6853663987,食品,2,89,178
6802052554,服装,3,199,597
5822424851,食品,4,79,316
6838941887,电子产品,7,299,2093
5851089960,家居用品,10,49,490
5823329114,图书,7,99,693
5821040515,电子产品,9,39,351
6830515225,图书,7,129,903
6822412203,服装,8,299,2392
5817231648,服装,5,299,1495
6841473447,食品,4,39,156
5815401663,家居用品,9,3999,35991
6832245129,食品,10,29,290
5884006836,食品,6,29,174
6808702911,电子产品,4,299,1196
5836984659,图书,7,49,343
5878122717,电子产品,10,899,8990
6890876412,食品,1,29,29
6824270558,食品,1,19,19
6814064009,图书,9,39,351
5832052306,家居用品,2,49,98
5865217126,电子产品,7,129,903
6813149131,电子产品,9,49,441
5865254576,食品,2,49,98
5864343049,服装,1,699,699
6824634614,服装,2,449,898
5872729055,电子产品,2,199,398
6818532821,图书,8,39,312
6820986832,食品,3,69,207
6899877847,家居用品,10,199,1990
6886260421,电子产品,4,149,596
6860752624,图书,7,29,203
5877457110,食品,2,89,178
5832560118,食品,7,19,133
5880846456,服装,9,449,4041
5875231157,图书,6,49,294
5873373109,家居用品,2,49,98
6871646723,图书,7,29,203
6829733993,家居用品,7,399,2793
6889261873,图书,8,49,392
6869253277,食品,1,49,49
6807376898,家居用品,7,99,693
6869886459,图书,3,79,237
6806160339,食品,3,89,267
6862175114,食品,8,29,232
6827231926,图书,4,99,396
5826822786,家居用品,2,299,598
6807847191,图书,8,39,312
5854096632,服装,4,399,1596
6838020550,家居用品,5,299,1495
5838148763,电子产品,10,199,1990
5855677494,食品,10,79,790
6812559570,电子产品,9,899,8091
6833144246,食品,5,49,245
6889158121,食品,10,69,690
5881823286,图书,5,99,495
6801495528,图书,9,89,801
6867566121,图书,6,69,414
6817604870,服装,5,129,645
6827897151,食品,9,49,441
5830696359,食品,3,79,237
6840828332,家居用品,7,49,343
5857696039,电子产品,8,199,1592
5859034879,服装,9,499,4491
5849308732,服装,5,699,3495
6809660384,食品,5,29,145
6803745732,家居用品,8,59,472
5876386922,图书,6,39,234
5872884276,图书,5,49,245
6862898039,图书,9,29,261
6887906700,电子产品,7,149,1043
5822235365,家居用品,9,59,531
6836140342,食品,1,89,89
6866915478,图书,2,59,118
5872942373,食品,8,39,312
6851028631,图书,1,29,29
6869653239,食品,6,39,234
5801962133,家居用品,2,79,158
6832952335,食品,4,59,236
6840926430,图书,10,129,1290
5834735575,食品,5,59,295
6876402501,服装,10,199,1990
6851411201,图书,3,99,297
5825644770,家居用品,2,59,118
6884360308,电子产品,5,5999,29995
6858821045,家居用品,8,3999,31992
6878999122,家居用品,3,99,297
5884742846,食品,2,59,118
6873035797,电子产品,2,299,598
5871133274,电子产品,1,89,89
5839574954,家居用品,4,299,1196
5878252086,食品,7,69,483
6826816957,服装,5,59,295
5881472337,家居用品,4,79,316
5831710697,家居用品,6,199,1194
6818372908,服装,1,699,699
6890163345,食品,9,29,261
5866711381,食品,10,69,690
6874405722,食品,6,39,234
6862347895,电子产品,10,59,590
6862143082,图书,10,59,590
6881174739,家居用品,3,49,147
5890937948,电子产品,1,29,29
6859092130,家居用品,4,5999,23996
6864610136,电子产品,9,2499,22491
6856858615,电子产品,5,2999,14995
6874044470,图书,6,99,594
6811229309,家居用品,2,89,178
5867096000,电子产品,3,149,447
5869692650,电子产品,7,149,1043
5861400879,服装,7,349,2443
5827294885,电子产品,2,149,298
6878930826,电子产品,1,29,29
6894030876,图书,9,59,531
5866314665,电子产品,9,49,441
5844313707,服装,3,149,447
5898273477,家居用品,3,49,147
5878946554,服装,6,59,354
5838636156,食品,4,89,356
5852580673,食品,1,79,79
6891639233,食品,6,89,534
6841710658,电子产品,9,299,2691
5844830398,食品,9,199,1791
5813870384,电子产品,3,899,2697
5800257671,图书,2,69,138
6868880875,家居用品,9,399,3591
6835453724,图书,3,59,177
6837647011,服装,10,349,3490
6873163407,图书,7,129,903
5804112603,家居用品,2,3999,7998
6849785580,电子产品,10,5999,59990
5869835128,电子产品,9,49,441
6802890262,图书,9,49,441
5867475720,服装,9,349,3141
5868828994,图书,7,99,693
6898045661,图书,3,89,267
6865928279,电子产品,4,1299,5196
5831333751,电子产品,9,2499,22491
6845600235,食品,8,29,232
6860434598,图书,3,49,147
5863886364,服装,1,89,89
5803917597,家居用品,9,299,2691
6886426092,图书,7,89,623
6859888529,食品,5,129,645
6895298343,电子产品,9,2999,26991
6826516262,家居用品,6,49,294
6817711302,家居用品,6,199,1194
5813878248,电子产品,9,299,2691
5899770200,电子产品,7,399,2793
6875889166,服装,1,249,249
5819354578,图书,6,89,534
5833331680,食品,5,39,195
6824842307,电子产品,10,299,2990
6883024532,图书,10,49,490
6809302399,电子产品,1,1299,1299
5876425200,家居用品,3,199,597
6805742005,服装,9,899,8091
6886253595,图书,1,49,49
5800957347,服装,1,699,699
5872078187,家居用品,6,299,1794
6891178336,服装,7,349,2443
6822571575,食品,10,49,490
5867099128,服装,4,199,796
5896604578,电子产品,3,1299,3897
6872487503,食品,7,39,273
6839007967,电子产品,2,249,498
6840236750,电子产品,8,199,1592
6802945443,电子产品,8,199,1592
6898670721,图书,9,79,711
5847618916,图书,2,29,58
6806527815,图书,7,39,273
5824731046,图书,7,99,693
6872418220,电子产品,8,299,2392
5806977869,电子产品,10,59,590
5840421293,食品,10,199,1990
6872801893,食品,5,29,145
5802528062,图书,3,29,87
6876227672,食品,10,49,490
5885401142,服装,5,299,1495
5895044513,食品,10,129,1290
6841526591,图书,2,59,118
6863254178,服装,3,149,447
5882955991,家居用品,3,399,1197
5865741907,图书,1,69,69
5855105517,电子产品,10,1299,12990
6863601447,图书,9,59,531
6838738461,家居用品,5,399,1995
6844659317,服装,4,349,1396
6843198618,电子产品,7,89,623
5875089905,食品,3,59,177
5892891438,食品,5,49,245
6857291518,图书,4,49,196
5884008670,家居用品,4,39,156
5896002331,家居用品,3,39,117
5820470251,电子产品,9,149,1341
5868709921,家居用品,4,59,236
5852431984,服装,5,399,1995
5880473515,食品,10,39,390
5882782224,电子产品,2,149,298
6813066646,服装,5,399,1995
6813337181,电子产品,8,39,312
6831458765,家居用品,10,199,1990
5830301956,服装,10,699,6990
5882153266,图书,4,69,276
6800227885,食品,4,89,356
6894029987,家居用品,3,399,1197
5804582694,食品,8,69,552
6840232962,电子产品,1,89,89
6866027788,电子产品,5,129,645
5834427738,电子产品,9,149,1341
5835526709,电子产品,4,199,796
5884284208,家居用品,10,49,490
6832768716,服装,6,899,5394
6842853053,图书,9,89,801
6897454715,食品,5,29,145
6827164431,电子产品,1,2499,2499
5815751088,图书,5,89,445
5815880810,家居用品,7,199,1393
5861615084,食品,7,29,203
6887791768,食品,7,89,623
5886204084,图书,10,29,290
6884777373,家居用品,3,39,117
6863381286,电子产品,1,199,199
5887739453,家居用品,9,39,351
6890965783,电子产品,2,2499,4998
6892626445,电子产品,4,399,1596
6887669254,食品,9,39,351
6866905032,图书,2,59,118
6853937760,家居用品,3,39,117
5894832158,电子产品,6,1299,7794
5842135545,电子产品,10,399,3990
5867273365,图书,8,49,392
6808557550,家居用品,5,39,195
6854016886,图书,7,99,693
6809133332,家居用品,2,49,98
5801866775,图书,10,29,290
6840379790,家居用品,1,3999,3999
6866986049,家居用品,7,89,623
6859861779,服装,3,89,267
5894965586,图书,6,99,594
6806335545,服装,8,399,3192
6881891349,图书,6,29,174
6891182351,食品,6,49,294
5845098538,图书,2,59,118
5828097577,图书,5,49,245
6883322103,电子产品,2,2999,5998
6881473885,服装,6,699,4194
6806891687,图书,10,29,290
5892304397,服装,3,199,597
5861191726,电子产品,6,129,774
6882602989,电子产品,1,199,199
5864988754,图书,6,39,234
5849276226,图书,10,59,590
6892560636,图书,9,89,801
5807367507,食品,2,59,118
5867814367,家居用品,8,399,3192
5870995622,食品,3,39,117
5855966379,图书,8,79,632
6800723302,服装,4,499,1996
6891777100,家居用品,10,79,790
6816306405,图书,5,69,345
5827669048,食品,6,49,294
6897769026,家居用品,5,49,245
5817732497,图书,7,39,273
5833987419,家居用品,5,79,395
6853120008,家居用品,8,29,232
5862354667,服装,9,299,2691
6890940588,服装,6,899,5394
6861660624,家居用品,1,399,399
6838179745,家居用品,1,89,89
6891238924,电子产品,5,89,445
6824998019,服装,6,299,1794
6864257240,家居用品,6,99,594
5801461172,食品,2,29,58
5888544474,食品,3,39,117
6801976869,家居用品,5,39,195
6850224620,服装,4,349,1396
5822076434,图书,8,29,232
6846010084,图书,8,79,632
6801680556,服装,4,89,356
5828868579,图书,5,79,395
5847381957,服装,5,399,1995
6806513781,电子产品,6,2999,17994
5811618408,家居用品,3,99,297
6832194328,服装,4,29,116
6859510952,食品,1,59,59
6843273729,食品,1,39,39
6875695055,家居用品,6,199,1194
6856749011,图书,9,129,1161
6832890365,电子产品,5,199,995
5876901338,服装,6,149,894
6877576069,电子产品,3,89,267
6837012064,电子产品,8,299,2392
6832462828,家居用品,8,5999,47992
6823002682,服装,9,399,3591
6814348900,食品,2,69,138
6835195484,食品,1,79,79
6815808186,食品,10,79,790
5844391565,电子产品,4,5999,23996
5804478084,服装,1,79,79
6849795609,家居用品,10,49,490
5844858451,图书,7,29,203
6890733017,食品,5,89,445
6886647361,服装,7,129,903
6873098065,图书,4,99,396
6805300350,服装,10,59,590
5896909421,电子产品,3,59,177
6875501192,电子产品,2,2999,5998
6810309738,服装,9,249,2241
5898664211,电子产品,4,899,3596
5830188414,家居用品,3,49,147
5899959087,服装,5,299,1495
6878127702,图书,9,29,261
6897885032,电子产品,9,299,2691
6806871595,电子产品,8,129,1032
5823245607,电子产品,10,2999,29990
5890932573,服装,1,349,349
5895640912,服装,8,249,1992
6869496866,图书,7,59,413
5809036074,家居用品,10,199,1990
6818144493,图书,6,79,474
6803788836,电子产品,8,2499,19992
6896014783,家居用品,6,89,534
5841540012,家居用品,8,39,312
5824508069,食品,7,29,203
6840013941,食品,10,19,190
6826088251,电子产品,8,299,2392
6805424379,食品,2,89,178
5862509425,图书,8,29,232
5826573371,电子产品,9,399,3591
5857034560,食品,8,89,712
5807851172,电子产品,2,299,598
5828539930,电子产品,8,89,712
5860501038,图书,6,99,594
5851751960,服装,10,599,5990
6874705582,电子产品,6,249,1494
6867148266,电子产品,5,899,4495
6812908302,电子产品,2,39,78
6858647814,家居用品,4,59,236
5852762650,家居用品,8,59,472
5883680493,电子产品,3,299,897
6838249011,食品,5,69,345
5878898156,图书,4,89,356
6888122019,食品,9,19,171
5814374624,服装,6,79,474
5871964525,家居用品,8,299,2392
6811426830,食品,9,59,531
5808385307,服装,3,129,387
5826023717,食品,10,49,490
5816772570,家居用品,8,89,712
5854153656,电子产品,6,49,294
5851946844,服装,2,449,898
5822746557,服装,10,299,2990
5807892827,电子产品,4,2499,9996
5852463155,服装,3,449,1347
5801601835,食品,4,79,316
5889896262,图书,6,49,294
5805561986,食品,7,49,343
6885659604,服装,3,399,1197
6814787700,食品,2,59,118
5870957778,电子产品,10,149,1490
6885600362,家居用品,4,49,196
6826401287,食品,1,39,39
5849796164,图书,2,99,198
5826568588,电子产品,3,199,597
5879927641,家居用品,10,79,790
5832744311,电子产品,10,299,2990
6876391705,图书,4,59,236
6800844618,服装,2,299,598
6881159219,食品,9,89,801
6838456073,食品,3,49,147
5864594558,家居用品,10,79,790
6852775012,图书,4,29,116
6855446779,图书,4,129,516
5894349267,家居用品,3,49,147
6866695716,电子产品,3,899,2697
6847293466,家居用品,3,39,117
5817801181,服装,7,599,4193
6889428015,电子产品,2,199,398
6807642574,电子产品,8,39,312
5811434910,家居用品,6,3999,23994
6854598751,图书,6,99,594
5830150947,家居用品,8,49,392
6882465065,食品,8,129,1032
5862422953,电子产品,9,89,801
5894722975,服装,3,449,1347
6886473200,图书,9,89,801
6800132162,食品,7,59,413
6836203669,图书,9,39,351
6803419672,服装,9,59,531
5814142320,家居用品,5,5999,29995
5851506066,图书,10,29,290
6812985395,电子产品,9,299,2691
5815712701,电子产品,1,199,199
6824531780,食品,2,59,118
5858811924,图书,5,39,195
5850897157,电子产品,4,399,1596
5815438838,电子产品,4,129,516
6823915070,家居用品,10,299,2990
5820099845,食品,8,29,232
5894543795,食品,2,89,178
6877207718,服装,10,199,1990
5862179782,家居用品,2,199,398
6889148565,服装,5,249,1245
6890554963,食品,9,39,351
5838827496,食品,8,29,232
6803694241,家居用品,4,59,236
6823654398,电子产品,10,129,1290
5859871850,电子产品,4,199,796
5850370760,图书,2,59,118
5822687175,图书,4,49,196
6814230611,电子产品,3,299,897
6877366996,家居用品,9,49,441
6846830553,电子产品,10,1299,12990
5898811822,服装,7,299,2093
5886347849,电子产品,4,199,796
5849910718,图书,4,89,356
6893362512,电子产品,3,49,147
6858202357,食品,1,29,29
5837476569,服装,4,249,996
5818560820,服装,1,499,499
6825197576,电子产品,9,39,351
5871798116,图书,8,89,712
6835869538,电子产品,10,49,490
5815613269,电子产品,6,2999,17994
6850534255,家居用品,9,299,2691
6841822560,家居用品,9,49,441
6865550546,服装,7,399,2793
6833307089,图书,10,49,490
6837234220,服装,9,299,2691
5889119247,食品,7,59,413
5806207649,电子产品,7,299,2093
5858127300,服装,10,399,3990
5884386495,图书,3,129,387
6893767116,食品,5,69,345
5821415588,服装,7,599,4193
6844451852,家居用品,9,99,891
5846696675,食品,6,29,174
6867806084,图书,8,39,312
6817227232,图书,5,29,145
6822893777,电子产品,10,399,3990
5887727265,电子产品,5,39,195
5801089717,电子产品,7,89,623
6895808010,服装,3,299,897
6872246606,电子产品,9,399,3591
6841206026,图书,4,49,196
6863133863,电子产品,1,129,129
5854106657,电子产品,1,39,39
5869178747,图书,5,99,495
5888874619,食品,4,49,196
5866081655,家居用品,5,39,195
6850905506,服装,9,59,531
5859112208,服装,1,399,399
5828719418,家居用品,8,29,232
5869332601,图书,4,49,196
5859035831,家居用品,2,5999,11998
5808617495,家居用品,3,29,87
6863194415,食品,2,59,118
6858664561,食品,4,59,236
5828907247,食品,4,19,76
6839152371,家居用品,3,49,147
5816241245,家居用品,6,299,1794
6868589344,电子产品,1,199,199
5873075759,服装,1,199,199
6825304212,电子产品,9,129,1161
5885551427,服装,4,129,516
5878068551,食品,1,89,89
5873037010,服装,9,249,2241
6887007128,食品,3,49,147
6800690507,电子产品,6,2499,14994
6810414618,电子产品,8,2499,19992
6851484519,服装,8,29,232
6882409558,图书,7,29,203
6846834565,食品,8,89,712
6843976436,电子产品,5,899,4495
6827832411,服装,6,349,2094
5829134832,服装,8,899,7192
5896329735,食品,7,69,483
6876119129,服装,9,29,261
5861601703,服装,6,149,894
5800978577,食品,1,69,69
5896718623,图书,5,69,345
6804979734,图书,10,39,390
6808516843,食品,8,39,312
6850990188,家居用品,1,39,39
5818571545,家居用品,7,49,343
6873188858,食品,2,29,58
6820766112,家居用品,8,29,232
5871137227,食品,6,59,354
6829708798,服装,10,399,3990
5898967503,图书,7,129,903
6865362375,图书,2,49,98
5822439769,电子产品,2,89,178
6850321380,食品,1,49,49
5877130074,电子产品,4,199,796
5808406713,家居用品,7,49,343
6870742256,电子产品,9,899,8091
6894941319,食品,2,69,138
5837380979,食品,4,19,76
5845135733,服装,5,699,3495
6802509590,服装,10,299,2990
5857737355,服装,5,79,395
5817045287,图书,4,59,236
5835191671,图书,8,49,392
6857397864,食品,3,59,177
6832342752,服装,3,149,447
6881818665,食品,8,79,632
5817679803,家居用品,7,49,343
5814764619,电子产品,3,49,147
6834624594,图书,7,89,623
6813932695,图书,3,59,177
6833832071,服装,1,599,599
5894846741,家居用品,2,49,98
6827335273,服装,7,699,4893
6814547758,家居用品,9,79,711
5818437264,服装,4,299,1196
6876127023,家居用品,10,49,490
6819383488,食品,8,129,1032
6824898650,服装,7,449,3143
6866812257,图书,7,69,483
6822760381,电子产品,5,29,145
6855612798,家居用品,9,49,441
6832430460,家居用品,6,49,294
5844235853,图书,4,89,356
6851230423,图书,9,59,531
6857565171,家居用品,2,49,98
5847770834,电子产品,1,29,29
6873634429,服装,9,129,1161
5832767756,服装,5,199,995
5843292822,电子产品,2,399,798
6821083023,家居用品,7,49,343
6891026316,家居用品,7,39,273
6801790157,图书,5,39,195
5892600327,家居用品,1,39,39
5880271871,食品,4,19,76
5818218201,图书,10,59,590
6858846330,家居用品,1,39,39
5829660564,图书,3,49,147
5896831836,食品,4,89,356
6835336746,家居用品,5,399,1995
5839508692,食品,8,49,392
6882057428,服装,8,349,2792
6806158927,服装,2,299,598
6862339896,服装,6,29,174
5892136984,家居用品,6,79,474
5835039492,电子产品,7,2999,20993
5868754932,电子产品,5,2499,12495
6849483942,电子产品,6,399,2394
5836504290,服装,1,59,59
5822289941,图书,1,99,99
5859159196,服装,3,149,447
5806281144,图书,3,99,297
5804522125,食品,4,199,796
6873216766,家居用品,3,49,147
6862831115,图书,1,129,129
6827507349,食品,1,49,49
6829037148,服装,3,59,177
6896371812,服装,10,89,890
5861247566,服装,2,399,798
6887445982,家居用品,7,79,553
6895751002,服装,4,399,1596
5882112614,电子产品,9,5999,53991
6860643473,图书,9,49,441
5881537257,图书,6,99,594
6828830921,服装,2,29,58
5844362711,食品,9,89,801
5852743923,服装,10,29,290
5886930931,食品,3,39,117
6834050047,食品,8,129,1032
5881999270,食品,9,49,441
5864688768,电子产品,4,899,3596
6825750941,电子产品,7,59,413
5851464261,电子产品,8,299,2392
6821911940,食品,3,69,207
6899600259,图书,9,59,531
5895558484,家居用品,1,299,299
5884178864,电子产品,2,149,298
5847846135,服装,1,899,899
6877703658,服装,4,149,596
6802466494,家居用品,4,399,1596
5803735812,服装,2,349,698
5842022688,电子产品,10,1299,12990
5829089680,电子产品,4,299,1196
5873751742,家居用品,2,5999,11998
6891557148,图书,3,69,207
6804195572,家居用品,5,399,1995
6848247057,家居用品,1,49,49
5821766973,电子产品,2,299,598
6890989079,服装,9,129,1161
6899289416,电子产品,2,89,178
5851022968,服装,1,299,299
5830886559,图书,4,59,236
6823554955,电子产品,6,199,1194
6862448346,电子产品,1,2499,2499
5838769142,家居用品,6,79,474
5825541244,食品,1,199,199
6801364987,家居用品,2,49,98
6880545195,服装,7,299,2093
5869018230,食品,5,39,195
5898482982,家居用品,9,79,711
5895161454,电子产品,5,399,1995
6847424942,家居用品,9,59,531
5879388874,服装,10,79,790
5864138154,电子产品,10,249,2490
5848247967,图书,9,59,531
5889010874,服装,1,349,349
5858336101,服装,2,399,798
6816657166,图书,10,79,790
5811290381,食品,3,49,147
6805587795,食品,5,129,645
6832841492,图书,6,49,294
6835128354,食品,7,59,413
5827187927,食品,2,79,158
5895898853,家居用品,7,79,553
5839594444,电子产品,10,149,1490
5831672482,服装,7,349,2443
6868786229,服装,3,299,897
6819364658,食品,1,49,49
5897559004,图书,2,89,178
5823878172,服装,3,899,2697
5808511315,图书,7,49,343
5824441799,服装,10,399,3990
6801685156,家居用品,9,3999,35991
6816373891,图书,2,99,198
6872144392,电子产品,9,89,801
6830213263,服装,6,129,774
5845686917,食品,10,29,290
5870544176,家居用品,4,99,396
6876503692,电子产品,8,89,712
6814146241,服装,5,199,995
5837519568,电子产品,4,149,596
5887140993,电子产品,3,89,267
6815040566,家居用品,3,99,297
5830454883,服装,8,299,2392
6841223185,家居用品,1,59,59
6893665395,服装,9,449,4041
6898563651,家居用品,4,39,156
6838816181,食品,3,29,87
6899012557,服装,10,449,4490
5821456806,电子产品,4,299,1196
5805265151,家居用品,3,39,117
5822910476,服装,3,149,447
6875144209,电子产品,2,59,118
5862381963,食品,2,59,118
6838425633,家居用品,3,399,1197
5823420148,电子产品,10,399,3990
5815953258,食品,1,89,89
5890411651,食品,8,199,1592
5886347114,电子产品,4,129,516
5808665373,图书,1,99,99
5823746636,食品,1,29,29
5813388774,食品,8,39,312
5836793818,服装,6,199,1194
6854656379,电子产品,8,59,472
6810431180,电子产品,10,249,2490
6828928851,食品,9,29,261
5843842801,服装,9,89,801
5870615811,家居用品,2,49,98
6883845774,家居用品,3,399,1197
5854549562,家居用品,5,39,195
5863247655,家居用品,10,199,1990
6859580477,食品,10,39,390
6840649197,家居用品,1,399,399
6851255907,服装,9,129,1161
6890368843,食品,9,69,621
6827864891,服装,10,249,2490
5877260638,服装,7,349,2443
5868549939,服装,5,299,1495
5898559914,图书,7,99,693
6844507218,图书,1,29,29
5865877696,食品,10,69,690
5842520913,图书,6,29,174
5837665363,食品,2,199,398
6842226211,服装,8,29,232
5882101133,家居用品,5,39,195
5804771350,服装,6,399,2394
6865964423,家居用品,6,89,534
6853297300,电子产品,6,149,894
6866289139,家居用品,10,59,590
6893190517,图书,10,59,590
6827649901,食品,3,69,207
6866178313,图书,3,29,87
5800711405,服装,10,899,8990
5835405260,食品,4,39,156
5820486804,服装,8,599,4792
5801611195,图书,6,39,234
5843644546,家居用品,4,39,156
5804758861,家居用品,7,99,693
6829603383,图书,8,99,792
6861767353,食品,6,39,234
6840652306,食品,2,69,138
5811563987,服装,5,89,445
5877681820,食品,9,59,531
5840695758,电子产品,9,89,801
6876178268,家居用品,1,399,399
6875099532,食品,1,39,39
5853993989,电子产品,4,399,1596
6873810446,电子产品,5,89,445
5847996426,电子产品,1,149,149
5860412339,服装,7,399,2793
5844666211,食品,10,49,490
5874662900,家居用品,8,39,312
5848978716,家居用品,4,199,796
6801244969,服装,8,299,2392
6893385891,图书,10,69,690
6814840827,图书,10,39,390
5841243581,图书,2,89,178
6848472509,食品,1,59,59
6848495241,服装,7,29,203
6837249911,家居用品,3,99,297
5823687360,食品,4,199,796
5843812598,电子产品,8,399,3192
5867305556,食品,3,69,207
6836237383,图书,8,79,632
6805794666,家居用品,3,59,177
5889897144,电子产品,5,299,1495
6835452753,食品,2,69,138
5863520484,图书,7,79,553
5855860680,食品,7,89,623
5898796372,家居用品,10,79,790
5825695022,图书,9,59,531
6887103041,家居用品,5,199,995
6815308822,家居用品,5,89,445
6890836887,服装,8,149,1192
5807842750,服装,6,149,894
5862231814,服装,6,399,2394
5877750266,图书,1,59,59
6869062683,电子产品,1,249,249
6845708709,服装,7,299,2093
6879395963,图书,4,59,236
6809488145,电子产品,6,149,894
6881691632,家居用品,10,39,390
5852186744,电子产品,2,199,398
6870828210,服装,8,89,712
5860722276,服装,6,599,3594
5887473055,图书,10,49,490
5808511756,食品,2,79,158
5811169466,服装,4,129,516
6876456690,食品,7,39,273
6842608338,食品,5,89,445
